Date,close
1-Jan-17,8.20
2-Jan-17,8.37
3-Jan-17,9.74
4-Jan-17,11.00
5-Jan-17,10.15
6-Jan-17,10.08
7-Jan-17,9.84
8-Jan-17,10.28
9-Jan-17,10.26
10-Jan-17,10.61
11-Jan-17,9.79
12-Jan-17,9.83
13-Jan-17,9.67
14-Jan-17,9.67
15-Jan-17,9.81
16-Jan-17,9.61
17-Jan-17,10.12
18-Jan-17,10.19
19-Jan-17,10.38
20-Jan-17,10.62
21-Jan-17,10.95
22-Jan-17,10.64
23-Jan-17,10.77
24-Jan-17,10.50
25-Jan-17,10.48
26-Jan-17,10.63
27-Jan-17,10.50
28-Jan-17,10.51
29-Jan-17,10.46
30-Jan-17,10.53
31-Jan-17,10.71
1-Feb-17,10.71
2-Feb-17,10.80
3-Feb-17,10.93
4-Feb-17,11.32
5-Feb-17,11.18
6-Feb-17,11.32
7-Feb-17,11.41
8-Feb-17,11.35
9-Feb-17,10.90
10-Feb-17,11.30
11-Feb-17,11.33
12-Feb-17,11.26
13-Feb-17,11.35
14-Feb-17,12.96
15-Feb-17,12.92
16-Feb-17,12.92
17-Feb-17,12.76
18-Feb-17,12.79
19-Feb-17,12.80
20-Feb-17,12.40
21-Feb-17,12.82
22-Feb-17,12.68
23-Feb-17,13.27
24-Feb-17,13.11
25-Feb-17,13.55
26-Feb-17,14.57
27-Feb-17,15.50
28-Feb-17,15.86
1-Mar-17,17.43
2-Mar-17,19.02
3-Mar-17,19.49
4-Mar-17,18.50
5-Mar-17,19.35
6-Mar-17,19.51
7-Mar-17,18.88
8-Mar-17,16.51
9-Mar-17,17.75
10-Mar-17,19.18
11-Mar-17,21.30
12-Mar-17,23.20
13-Mar-17,28.40
14-Mar-17,28.66
15-Mar-17,34.80
16-Mar-17,45.07
17-Mar-17,44.65
18-Mar-17,34.20
19-Mar-17,43.17
20-Mar-17,42.06
21-Mar-17,42.45
22-Mar-17,41.46
23-Mar-17,43.14
24-Mar-17,54.01
25-Mar-17,50.75
26-Mar-17,50.46
27-Mar-17,48.93
28-Mar-17,50.16
29-Mar-17,52.88
30-Mar-17,51.62
31-Mar-17,49.72
1-Apr-17,50.59
2-Apr-17,48.60
3-Apr-17,44.28
4-Apr-17,44.41
5-Apr-17,45.35
6-Apr-17,43.11
7-Apr-17,42.25
8-Apr-17,44.51
9-Apr-17,43.94
10-Apr-17,44.17
11-Apr-17,44.21
12-Apr-17,46.85
13-Apr-17,50.65
14-Apr-17,48.50
15-Apr-17,49.71
16-Apr-17,49.58
17-Apr-17,49.52
18-Apr-17,52.42
19-Apr-17,49.66
20-Apr-17,51.96
21-Apr-17,51.37
22-Apr-17,52.15
23-Apr-17,53.33
24-Apr-17,53.54
25-Apr-17,53.90
26-Apr-17,57.31
27-Apr-17,68.00
28-Apr-17,76.00
29-Apr-17,73.55
30-Apr-17,83.51
1-May-17,81.40
2-May-17,82.01
3-May-17,85.79
4-May-17,99.20
5-May-17,91.50
6-May-17,96.65
7-May-17,94.21
8-May-17,88.97
9-May-17,88.94
10-May-17,88.33
11-May-17,89.38
12-May-17,86.99
13-May-17,89.90
14-May-17,90.37
15-May-17,92.56
16-May-17,88.17
17-May-17,89.67
18-May-17,98.60
19-May-17,124.40
20-May-17,123.03
21-May-17,146.14
22-May-17,154.92
23-May-17,168.24
24-May-17,183.88
25-May-17,168.71
26-May-17,152.80
27-May-17,149.99
28-May-17,161.91
29-May-17,189.99
30-May-17,224.69
31-May-17,218.34
1-Jun-17,211.40
2-Jun-17,214.77
3-Jun-17,217.01
4-Jun-17,241.06
5-Jun-17,242.16
6-Jun-17,261.89
7-Jun-17,250.70
8-Jun-17,256.95
9-Jun-17,278.41
10-Jun-17,325.88
11-Jun-17,336.33
12-Jun-17,386.90
13-Jun-17,382.70
14-Jun-17,335.95
15-Jun-17,338.70
16-Jun-17,348.44
17-Jun-17,364.56
18-Jun-17,348.88
19-Jun-17,355.50
20-Jun-17,344.15
21-Jun-17,321.66
22-Jun-17,320.94
23-Jun-17,324.37
24-Jun-17,296.89
25-Jun-17,277.00
26-Jun-17,251.30
27-Jun-17,279.00
28-Jun-17,311.62
29-Jun-17,285.30
30-Jun-17,275.62
1-Jul-17,255.00
2-Jul-17,277.64
3-Jul-17,273.99
4-Jul-17,266.68
5-Jul-17,264.77
6-Jul-17,265.35
7-Jul-17,238.38
8-Jul-17,245.23
9-Jul-17,234.97
10-Jul-17,202.00
11-Jul-17,188.63
12-Jul-17,223.92
13-Jul-17,205.00
14-Jul-17,196.49
15-Jul-17,170.15
16-Jul-17,157.40
17-Jul-17,190.16
18-Jul-17,226.56
19-Jul-17,194.63
20-Jul-17,227.29
21-Jul-17,216.11
22-Jul-17,232.01
23-Jul-17,228.15
24-Jul-17,226.59
25-Jul-17,202.70
26-Jul-17,203.33
27-Jul-17,202.54
28-Jul-17,191.20
29-Jul-17,206.76
30-Jul-17,195.31
31-Jul-17,200.81
1-Aug-17,225.97
2-Aug-17,218.00
3-Aug-17,224.79
4-Aug-17,220.73
5-Aug-17,253.87
6-Aug-17,264.29
7-Aug-17,269.51
8-Aug-17,295.83
9-Aug-17,293.99
10-Aug-17,295.97
11-Aug-17,308.81
12-Aug-17,307.22
13-Aug-17,296.64
14-Aug-17,298.22
15-Aug-17,286.00
16-Aug-17,301.34
17-Aug-17,299.00
18-Aug-17,292.00
19-Aug-17,292.78
20-Aug-17,298.37
21-Aug-17,322.24
22-Aug-17,312.54
23-Aug-17,316.50
24-Aug-17,325.62
25-Aug-17,328.70
26-Aug-17,332.72
27-Aug-17,348.01
28-Aug-17,347.09
29-Aug-17,372.00
30-Aug-17,382.78
31-Aug-17,387.30
1-Sep-17,390.35
2-Sep-17,345.00
3-Sep-17,350.63
4-Sep-17,295.81
5-Sep-17,316.18
6-Sep-17,337.36
7-Sep-17,334.10
8-Sep-17,304.00
9-Sep-17,303.08
10-Sep-17,297.90
11-Sep-17,297.19
12-Sep-17,293.90
13-Sep-17,275.48
14-Sep-17,222.50
15-Sep-17,258.68
16-Sep-17,253.00
17-Sep-17,257.00
18-Sep-17,296.81
19-Sep-17,282.63
20-Sep-17,283.50
21-Sep-17,256.67
22-Sep-17,262.19
23-Sep-17,285.90
24-Sep-17,282.00
25-Sep-17,295.20
26-Sep-17,289.28
27-Sep-17,309.75
28-Sep-17,302.63
29-Sep-17,292.66
30-Sep-17,303.44
1-Oct-17,304.26
2-Oct-17,296.82
3-Oct-17,291.69
4-Oct-17,291.40
5-Oct-17,295.12
6-Oct-17,308.43
7-Oct-17,311.46
8-Oct-17,309.82
9-Oct-17,297.40
10-Oct-17,299.32
11-Oct-17,303.20
12-Oct-17,303.06
13-Oct-17,337.46
14-Oct-17,339.24
15-Oct-17,337.23
16-Oct-17,334.46
17-Oct-17,315.65
18-Oct-17,313.45
19-Oct-17,306.97
20-Oct-17,302.61
21-Oct-17,299.23
22-Oct-17,293.55
23-Oct-17,284.85
24-Oct-17,296.30
25-Oct-17,295.46
26-Oct-17,295.10
27-Oct-17,295.99
28-Oct-17,293.49
29-Oct-17,304.39
30-Oct-17,307.00
31-Oct-17,303.69
1-Nov-17,288.60
2-Nov-17,284.89
3-Nov-17,303.47
4-Nov-17,299.48
5-Nov-17,295.63
6-Nov-17,296.90
7-Nov-17,291.42
8-Nov-17,307.50
9-Nov-17,319.52
10-Nov-17,296.18
11-Nov-17,313.07
12-Nov-17,303.90
13-Nov-17,313.22
14-Nov-17,334.28
15-Nov-17,330.59
16-Nov-17,330.76
17-Nov-17,331.00
18-Nov-17,346.68
19-Nov-17,354.70
20-Nov-17,367.94
21-Nov-17,360.00
22-Nov-17,380.48
23-Nov-17,405.19
24-Nov-17,470.51
25-Nov-17,464.00
26-Nov-17,464.00
27-Nov-17,473.44
28-Nov-17,465.56
29-Nov-17,420.34
30-Nov-17,432.21
1-Dec-17,460.67
2-Dec-17,455.51
3-Dec-17,459.49
4-Dec-17,465.00
5-Dec-17,451.87
6-Dec-17,413.71
7-Dec-17,415.02
8-Dec-17,442.19
9-Dec-17,460.92
10-Dec-17,429.24
11-Dec-17,515.25
12-Dec-17,634.87
13-Dec-17,690.69
14-Dec-17,686.51
15-Dec-17,678.29
16-Dec-17,683.25
17-Dec-17,708.78
18-Dec-17,783.99
19-Dec-17,799.98
20-Dec-17,794.99
21-Dec-17,786.97
22-Dec-17,628.19
23-Dec-17,672.59
24-Dec-17,659.89
25-Dec-17,709.81
26-Dec-17,749.80
27-Dec-17,736.45
28-Dec-17,711.42
29-Dec-17,731.52
30-Dec-17,682.22
31-Dec-17,736.77
1-Jan-18,752.46
2-Jan-18,858.78
3-Jan-18,942.01
4-Jan-18,940.00
5-Jan-18,962.77
6-Jan-18,1004.30
7-Jan-18,1115.80
8-Jan-18,1129.30
9-Jan-18,1283.70
10-Jan-18,1248.00
11-Jan-18,1135.50
12-Jan-18,1257.20
13-Jan-18,1380.00
14-Jan-18,1350.00
15-Jan-18,1273.40
16-Jan-18,1020.10
17-Jan-18,1017.50
18-Jan-18,994.81
19-Jan-18,1032.60
20-Jan-18,1146.00
21-Jan-18,1047.00
22-Jan-18,995.08
23-Jan-18,982.98
24-Jan-18,1063.20
25-Jan-18,1048.20
26-Jan-18,1047.00
27-Jan-18,1114.80
28-Jan-18,1246.60
29-Jan-18,1175.00
30-Jan-18,1071.90
31-Jan-18,1118.08
1-Feb-18,1033.55
2-Feb-18,920.85
3-Feb-18,971.49
4-Feb-18,829.43
5-Feb-18,696.86
6-Feb-18,783.83
7-Feb-18,753.18
8-Feb-18,805.40
9-Feb-18,877.85
10-Feb-18,851.39
11-Feb-18,810.45
12-Feb-18,865.62
13-Feb-18,841.38
14-Feb-18,919.67
15-Feb-18,927.56
16-Feb-18,937.50
17-Feb-18,971.54
18-Feb-18,913.10
19-Feb-18,940.08
20-Feb-18,884.51
21-Feb-18,839.10
22-Feb-18,803.66
23-Feb-18,856.65
24-Feb-18,834.36
25-Feb-18,840.88
26-Feb-18,866.99
27-Feb-18,871.44
28-Feb-18,852.49
1-Mar-18,870.04
2-Mar-18,856.09
3-Mar-18,855.91
4-Mar-18,865.53
5-Mar-18,850.24
6-Mar-18,814.88
7-Mar-18,749.98
8-Mar-18,698.96
9-Mar-18,725.89
10-Mar-18,682.52
11-Mar-18,720.12
12-Mar-18,697.04
13-Mar-18,689.57
14-Mar-18,612.09
15-Mar-18,610.13
16-Mar-18,600.79
17-Mar-18,550.27
18-Mar-18,536.72
19-Mar-18,556.16
20-Mar-18,557.08
21-Mar-18,560.24
22-Mar-18,539.87
23-Mar-18,543.42
24-Mar-18,520.45
25-Mar-18,523.50
26-Mar-18,485.98
27-Mar-18,448.48
28-Mar-18,446.84
29-Mar-18,384.12
30-Mar-18,393.79
31-Mar-18,393.96
1-Apr-18,378.75
2-Apr-18,385.07
3-Apr-18,415.55
4-Apr-18,378.68
5-Apr-18,381.52
6-Apr-18,369.97
7-Apr-18,384.87
8-Apr-18,400.71
9-Apr-18,399.05
10-Apr-18,415.45
11-Apr-18,430.14
12-Apr-18,494.03
13-Apr-18,493.48
14-Apr-18,502.52
15-Apr-18,533.90
16-Apr-18,511.82
17-Apr-18,503.19
18-Apr-18,525.66
19-Apr-18,567.49
20-Apr-18,617.04
21-Apr-18,605.59
22-Apr-18,622.23
23-Apr-18,644.13
24-Apr-18,703.02
25-Apr-18,617.36
26-Apr-18,662.36
27-Apr-18,643.97
28-Apr-18,683.49
29-Apr-18,689.90
30-Apr-18,670.07
1-May-18,671.26
2-May-18,688.15
3-May-18,778.95
4-May-18,785.20
5-May-18,818.33
6-May-18,793.19
7-May-18,754.03
8-May-18,748.48
9-May-18,751.62
10-May-18,724.40
11-May-18,676.21
12-May-18,683.94
13-May-18,729.37
14-May-18,727.06
15-May-18,705.73
16-May-18,706.53
17-May-18,668.97
18-May-18,693.28
19-May-18,696.76
20-May-18,716.02
21-May-18,696.85
22-May-18,642.17
23-May-18,577.55
24-May-18,602.43
25-May-18,585.39
26-May-18,586.76
27-May-18,570.69
28-May-18,512.29
29-May-18,566.81
30-May-18,557.98
31-May-18,577.87
1-Jun-18,579.30
2-Jun-18,591.30
3-Jun-18,619.08
4-Jun-18,591.44
5-Jun-18,608.83
6-Jun-18,606.39
7-Jun-18,604.71
8-Jun-18,599.67
9-Jun-18,593.80
10-Jun-18,524.64
11-Jun-18,531.42
12-Jun-18,494.48
13-Jun-18,476.17
14-Jun-18,519.49
15-Jun-18,487.88
16-Jun-18,496.93
17-Jun-18,496.43
18-Jun-18,517.91
19-Jun-18,538.22
20-Jun-18,536.31
21-Jun-18,526.01
22-Jun-18,462.57
23-Jun-18,474.14
24-Jun-18,454.81
25-Jun-18,458.76
26-Jun-18,430.33
27-Jun-18,442.16
28-Jun-18,421.27
29-Jun-18,435.37
30-Jun-18,452.67
1-Jul-18,452.57
2-Jul-18,475.70
3-Jul-18,461.89
4-Jul-18,467.52
5-Jul-18,468.47
6-Jul-18,469.90
7-Jul-18,485.40
8-Jul-18,486.45
9-Jul-18,471.52
10-Jul-18,432.67
11-Jul-18,445.99
12-Jul-18,430.84
13-Jul-18,432.85
14-Jul-18,434.09
15-Jul-18,450.81
16-Jul-18,479.79
17-Jul-18,499.87
18-Jul-18,480.00
19-Jul-18,469.47
20-Jul-18,449.38
21-Jul-18,461.52
22-Jul-18,459.02
23-Jul-18,450.56
24-Jul-18,479.88
25-Jul-18,472.03
26-Jul-18,462.75
27-Jul-18,470.23
28-Jul-18,468.78
29-Jul-18,466.41
30-Jul-18,456.64
31-Jul-18,431.50
1-Aug-18,420.30
2-Aug-18,411.00
3-Aug-18,417.58
4-Aug-18,407.09
5-Aug-18,408.85
6-Aug-18,405.40
7-Aug-18,378.25
8-Aug-18,355.44
9-Aug-18,363.34
10-Aug-18,331.81
11-Aug-18,317.59
12-Aug-18,318.18
13-Aug-18,284.01
14-Aug-18,278.19
15-Aug-18,281.12
16-Aug-18,286.76
17-Aug-18,316.90
18-Aug-18,293.89
19-Aug-18,299.33
20-Aug-18,271.08
21-Aug-18,280.90
22-Aug-18,269.84
23-Aug-18,276.12
24-Aug-18,281.29
25-Aug-18,277.61
26-Aug-18,274.46
27-Aug-18,286.57
28-Aug-18,295.62
29-Aug-18,288.42
30-Aug-18,283.97
31-Aug-18,281.94
1-Sep-18,295.31
2-Sep-18,295.05
3-Sep-18,288.92
4-Sep-18,285.17
5-Sep-18,228.77
6-Sep-18,229.60
7-Sep-18,215.60
8-Sep-18,196.79
9-Sep-18,195.80
10-Sep-18,197.04
11-Sep-18,185.07
12-Sep-18,182.98
13-Sep-18,211.00
14-Sep-18,209.98
15-Sep-18,221.94
16-Sep-18,220.20
17-Sep-18,196.24
18-Sep-18,209.03
19-Sep-18,209.74
20-Sep-18,224.42
21-Sep-18,247.92
22-Sep-18,240.82
23-Sep-18,244.67
24-Sep-18,228.01
25-Sep-18,219.04
26-Sep-18,214.35
27-Sep-18,229.15
28-Sep-18,221.77
29-Sep-18,231.87
30-Sep-18,232.80
1-Oct-18,231.77
2-Oct-18,225.84
3-Oct-18,220.51
4-Oct-18,222.57
5-Oct-18,228.34
6-Oct-18,225.18
7-Oct-18,226.11
8-Oct-18,229.84
9-Oct-18,228.25
10-Oct-18,226.30
11-Oct-18,190.89
12-Oct-18,196.70
13-Oct-18,201.22
14-Oct-18,197.08
15-Oct-18,214.26
16-Oct-18,215.06
17-Oct-18,213.46
18-Oct-18,206.58
19-Oct-18,204.97
20-Oct-18,208.04
21-Oct-18,207.37
22-Oct-18,206.77
23-Oct-18,205.68
24-Oct-18,205.12
25-Oct-18,204.11
26-Oct-18,204.58
27-Oct-18,204.36
28-Oct-18,204.99
29-Oct-18,197.05
30-Oct-18,197.39
31-Oct-18,198.59
1-Nov-18,198.17
2-Nov-18,202.66
3-Nov-18,200.23
4-Nov-18,211.86
5-Nov-18,210.67
6-Nov-18,220.22
7-Nov-18,218.80
8-Nov-18,212.87
9-Nov-18,211.39
10-Nov-18,213.21
11-Nov-18,213.18
12-Nov-18,212.79
13-Nov-18,210.44
14-Nov-18,187.46
15-Nov-18,184.10
16-Nov-18,177.01
17-Nov-18,176.53
18-Nov-18,178.65
19-Nov-18,150.12
20-Nov-18,132.92
21-Nov-18,137.72
22-Nov-18,126.12
23-Nov-18,124.64
24-Nov-18,114.43
25-Nov-18,118.04
26-Nov-18,110.08
27-Nov-18,111.18
28-Nov-18,122.74
29-Nov-18,117.85
30-Nov-18,113.77
1-Dec-18,118.23
2-Dec-18,116.41
3-Dec-18,108.66
4-Dec-18,110.09
5-Dec-18,102.33
6-Dec-18,90.86
7-Dec-18,93.27
8-Dec-18,90.57
9-Dec-18,93.62
10-Dec-18,90.17
11-Dec-18,88.32
12-Dec-18,89.62
13-Dec-18,86.31
14-Dec-18,83.81
15-Dec-18,83.90
16-Dec-18,84.72
17-Dec-18,94.37
18-Dec-18,100.66
19-Dec-18,99.37
20-Dec-18,114.61
21-Dec-18,108.18
22-Dec-18,115.84
23-Dec-18,129.60
24-Dec-18,139.23
25-Dec-18,128.39
26-Dec-18,130.06
27-Dec-18,114.56
28-Dec-18,136.61
29-Dec-18,133.67
30-Dec-18,138.45
31-Dec-18,131.90
1-Jan-19,139.61
2-Jan-19,152.95
3-Jan-19,146.94
4-Jan-19,152.86
5-Jan-19,153.49
6-Jan-19,154.96
7-Jan-19,149.96
8-Jan-19,148.41
9-Jan-19,148.79
10-Jan-19,125.63
11-Jan-19,125.15
12-Jan-19,123.75
13-Jan-19,114.64
14-Jan-19,127.53
15-Jan-19,119.62
16-Jan-19,121.72
17-Jan-19,122.03
18-Jan-19,119.34
19-Jan-19,123.02
20-Jan-19,117.52
21-Jan-19,116.05
22-Jan-19,118.23
23-Jan-19,116.84
24-Jan-19,116.71
25-Jan-19,115.50
26-Jan-19,115.83
27-Jan-19,112.50
28-Jan-19,105.82
29-Jan-19,104.79
30-Jan-19,108.52
31-Jan-19,106.71
1-Feb-19,106.98
2-Feb-19,110.68
3-Feb-19,107.62
4-Feb-19,107.90
5-Feb-19,107.37
6-Feb-19,104.63
7-Feb-19,104.55
8-Feb-19,119.23
9-Feb-19,119.44
10-Feb-19,124.92
11-Feb-19,121.30
12-Feb-19,122.64
13-Feb-19,122.22
14-Feb-19,120.97
15-Feb-19,121.73
16-Feb-19,122.87
17-Feb-19,133.79
18-Feb-19,145.80
19-Feb-19,144.01
20-Feb-19,149.11
21-Feb-19,145.78
22-Feb-19,147.97
23-Feb-19,158.30
24-Feb-19,132.93
25-Feb-19,138.27
26-Feb-19,136.67
27-Feb-19,135.20
28-Feb-19,135.47
1-Mar-19,135.72
2-Mar-19,132.76
3-Mar-19,131.01
4-Mar-19,125.97
5-Mar-19,136.82
6-Mar-19,137.62
7-Mar-19,136.93
8-Mar-19,133.85
9-Mar-19,137.52
10-Mar-19,135.72
11-Mar-19,132.99
12-Mar-19,133.80
13-Mar-19,131.97
14-Mar-19,132.45
15-Mar-19,136.75
16-Mar-19,141.15
17-Mar-19,138.91
18-Mar-19,137.92
19-Mar-19,138.72
20-Mar-19,139.31
21-Mar-19,135.11
22-Mar-19,136.42
23-Mar-19,137.53
24-Mar-19,136.44
25-Mar-19,134.25
26-Mar-19,134.37
27-Mar-19,139.65
28-Mar-19,138.15
29-Mar-19,143.38
30-Mar-19,142.65
31-Mar-19,141.79
1-Apr-19,141.50
2-Apr-19,163.47
3-Apr-19,160.34
4-Apr-19,157.43
5-Apr-19,164.93
6-Apr-19,165.55
7-Apr-19,174.33
8-Apr-19,179.16
9-Apr-19,175.09
10-Apr-19,177.37
11-Apr-19,164.36
12-Apr-19,163.47
13-Apr-19,163.19
14-Apr-19,167.29
15-Apr-19,160.17
16-Apr-19,165.65
17-Apr-19,165.90
18-Apr-19,173.33
19-Apr-19,172.79
20-Apr-19,172.73
21-Apr-19,168.52
22-Apr-19,170.87
23-Apr-19,169.95
24-Apr-19,165.22
25-Apr-19,155.18
26-Apr-19,157.97
27-Apr-19,159.41
28-Apr-19,158.27
29-Apr-19,154.93
30-Apr-19,161.80
1-May-19,160.38
2-May-19,161.66
3-May-19,167.86
4-May-19,163.68
5-May-19,163.03
6-May-19,173.00
7-May-19,169.34
8-May-19,170.77
9-May-19,170.84
10-May-19,172.77
11-May-19,192.27
12-May-19,188.07
13-May-19,196.02
14-May-19,217.42
15-May-19,248.15
16-May-19,264.69
17-May-19,244.45
18-May-19,233.89
19-May-19,259.63
20-May-19,250.72
21-May-19,253.76
22-May-19,244.34
23-May-19,244.68
24-May-19,249.17
25-May-19,250.68
26-May-19,264.68
27-May-19,270.98
28-May-19,271.18
29-May-19,268.61
30-May-19,254.52
31-May-19,267.99
1-Jun-19,264.31
2-Jun-19,269.01
3-Jun-19,250.37
4-Jun-19,241.26
5-Jun-19,245.83
6-Jun-19,248.54
7-Jun-19,248.98
8-Jun-19,243.42
9-Jun-19,231.27
10-Jun-19,246.86
11-Jun-19,244.41
12-Jun-19,261.54
13-Jun-19,254.86
14-Jun-19,262.53
15-Jun-19,267.75
16-Jun-19,267.98
17-Jun-19,273.00
18-Jun-19,264.59
19-Jun-19,268.26
20-Jun-19,271.43
21-Jun-19,294.72
22-Jun-19,310.38
23-Jun-19,308.53
24-Jun-19,311.46
25-Jun-19,317.65
26-Jun-19,338.54
27-Jun-19,297.55
28-Jun-19,310.56
29-Jun-19,318.48
30-Jun-19,292.21
1-Jul-19,294.83
2-Jul-19,291.41
3-Jul-19,300.58
4-Jul-19,283.43
5-Jul-19,287.15
6-Jul-19,288.08
7-Jul-19,304.88
8-Jul-19,312.23
9-Jul-19,307.41
10-Jul-19,289.10
11-Jul-19,268.72
12-Jul-19,274.68
13-Jul-19,269.16
14-Jul-19,226.62
15-Jul-19,228.49
16-Jul-19,198.87
17-Jul-19,210.95
18-Jul-19,225.23
19-Jul-19,220.09
20-Jul-19,227.86
21-Jul-19,225.01
22-Jul-19,217.27
23-Jul-19,211.87
24-Jul-19,215.44
25-Jul-19,217.65
26-Jul-19,217.83
27-Jul-19,206.62
28-Jul-19,210.37
29-Jul-19,209.82
30-Jul-19,208.49
31-Jul-19,217.23
1-Aug-19,216.37
2-Aug-19,216.54
3-Aug-19,220.89
4-Aug-19,220.72
5-Aug-19,232.45
6-Aug-19,225.63
7-Aug-19,224.66
8-Aug-19,220.16
9-Aug-19,209.49
10-Aug-19,205.93
11-Aug-19,215.83
12-Aug-19,210.45
13-Aug-19,207.68
14-Aug-19,186.56
15-Aug-19,187.80
16-Aug-19,184.55
17-Aug-19,184.81
18-Aug-19,193.68
19-Aug-19,201.64
20-Aug-19,196.14
21-Aug-19,187.24
22-Aug-19,190.29
23-Aug-19,193.43
24-Aug-19,190.15
25-Aug-19,186.30
26-Aug-19,188.34
27-Aug-19,186.58
28-Aug-19,172.85
29-Aug-19,168.66
30-Aug-19,168.16
31-Aug-19,171.62
1-Sep-19,169.72
2-Sep-19,178.11
3-Sep-19,178.81
4-Sep-19,174.79
5-Sep-19,173.83
6-Sep-19,169.15
7-Sep-19,177.74
8-Sep-19,181.44
9-Sep-19,180.65
10-Sep-19,180.05
11-Sep-19,178.47
12-Sep-19,180.87
13-Sep-19,181.11
14-Sep-19,188.16
15-Sep-19,189.10
16-Sep-19,197.32
17-Sep-19,207.77
18-Sep-19,210.43
19-Sep-19,220.21
20-Sep-19,218.00
21-Sep-19,215.22
22-Sep-19,211.13
23-Sep-19,201.18
24-Sep-19,166.29
25-Sep-19,168.92
26-Sep-19,164.56
27-Sep-19,173.19
28-Sep-19,173.62
29-Sep-19,169.29
30-Sep-19,180.35
1-Oct-19,175.78
2-Oct-19,180.27
3-Oct-19,174.54
4-Oct-19,175.65
5-Oct-19,176.43
6-Oct-19,170.55
7-Oct-19,179.87
8-Oct-19,180.78
9-Oct-19,192.64
10-Oct-19,191.10
11-Oct-19,180.60
12-Oct-19,179.87
13-Oct-19,181.11
14-Oct-19,186.63
15-Oct-19,180.59
16-Oct-19,174.53
17-Oct-19,177.31
18-Oct-19,172.81
19-Oct-19,171.91
20-Oct-19,175.14
21-Oct-19,174.18
22-Oct-19,171.42
23-Oct-19,162.28
24-Oct-19,160.73
25-Oct-19,181.49
26-Oct-19,179.62
27-Oct-19,184.05
28-Oct-19,181.67
29-Oct-19,190.45
30-Oct-19,183.25
31-Oct-19,182.37
1-Nov-19,183.12
2-Nov-19,183.01
3-Nov-19,181.70
4-Nov-19,185.85
5-Nov-19,188.67
6-Nov-19,191.28
7-Nov-19,186.94
8-Nov-19,184.03
9-Nov-19,184.96
10-Nov-19,188.99
11-Nov-19,185.09
12-Nov-19,186.99
13-Nov-19,188.36
14-Nov-19,185.25
15-Nov-19,180.19
16-Nov-19,182.42
17-Nov-19,184.18
18-Nov-19,178.50
19-Nov-19,176.09
20-Nov-19,174.96
21-Nov-19,161.46
22-Nov-19,149.80
23-Nov-19,152.46
24-Nov-19,140.66
25-Nov-19,145.90
26-Nov-19,147.61
27-Nov-19,152.70
28-Nov-19,151.07
29-Nov-19,154.55
30-Nov-19,151.95
1-Dec-19,151.04
2-Dec-19,148.89
3-Dec-19,147.82
4-Dec-19,145.79
5-Dec-19,148.69
6-Dec-19,148.89
7-Dec-19,148.28
8-Dec-19,151.17
9-Dec-19,147.88
10-Dec-19,145.86
11-Dec-19,143.51
12-Dec-19,145.03
13-Dec-19,144.96
14-Dec-19,142.03
15-Dec-19,142.53
16-Dec-19,132.78
17-Dec-19,122.06
18-Dec-19,132.92
19-Dec-19,128.42
20-Dec-19,128.70
21-Dec-19,127.61
22-Dec-19,132.19
23-Dec-19,128.08
24-Dec-19,128.05
25-Dec-19,125.24
26-Dec-19,125.93
27-Dec-19,126.41
28-Dec-19,128.35
29-Dec-19,134.40
30-Dec-19,131.83
31-Dec-19,129.21
1-Jan-20,130.75
2-Jan-20,127.19
3-Jan-20,134.27
4-Jan-20,134.33
5-Jan-20,135.59
6-Jan-20,144.08
7-Jan-20,143.04
8-Jan-20,140.81
9-Jan-20,137.92
10-Jan-20,144.81
11-Jan-20,142.67
12-Jan-20,146.46
13-Jan-20,143.60
14-Jan-20,166.07
15-Jan-20,166.45
16-Jan-20,164.36
17-Jan-20,170.22
18-Jan-20,174.19
19-Jan-20,166.92
20-Jan-20,166.87
21-Jan-20,169.41
22-Jan-20,168.13
23-Jan-20,162.80
24-Jan-20,162.55
25-Jan-20,160.44
26-Jan-20,167.90
27-Jan-20,170.27
28-Jan-20,175.74
29-Jan-20,173.86
30-Jan-20,184.59
31-Jan-20,179.91
1-Feb-20,183.64
2-Feb-20,188.50
3-Feb-20,189.79
4-Feb-20,188.93
5-Feb-20,203.83
6-Feb-20,213.16
7-Feb-20,223.51
8-Feb-20,223.23
9-Feb-20,228.59
10-Feb-20,222.95
11-Feb-20,236.76
12-Feb-20,265.58
13-Feb-20,268.75
14-Feb-20,285.25
15-Feb-20,264.87
16-Feb-20,259.99
17-Feb-20,267.63
18-Feb-20,282.26
19-Feb-20,259.12
20-Feb-20,257.39
21-Feb-20,265.11
22-Feb-20,261.64
23-Feb-20,274.72
24-Feb-20,265.65
25-Feb-20,246.96
26-Feb-20,224.30
27-Feb-20,227.53
28-Feb-20,226.93
29-Feb-20,217.52
1-Mar-20,217.99
2-Mar-20,231.87
3-Mar-20,223.94
4-Mar-20,224.38
5-Mar-20,228.45
6-Mar-20,244.90
7-Mar-20,237.32
8-Mar-20,199.16
9-Mar-20,202.85
10-Mar-20,200.56
11-Mar-20,194.58
12-Mar-20,107.90
13-Mar-20,133.99
14-Mar-20,122.69
15-Mar-20,124.35
16-Mar-20,111.02
17-Mar-20,116.06
18-Mar-20,117.77
19-Mar-20,135.43
20-Mar-20,133.32
21-Mar-20,132.58
22-Mar-20,122.41
23-Mar-20,136.02
24-Mar-20,138.62
25-Mar-20,136.07
26-Mar-20,138.38
27-Mar-20,131.74
28-Mar-20,131.03
29-Mar-20,125.24
30-Mar-20,132.15
31-Mar-20,132.86
1-Apr-20,135.66
2-Apr-20,141.30
3-Apr-20,141.14
4-Apr-20,144.01
5-Apr-20,142.58
6-Apr-20,171.06
7-Apr-20,164.71
8-Apr-20,173.00
9-Apr-20,169.68
10-Apr-20,157.86
11-Apr-20,158.18
12-Apr-20,158.73
13-Apr-20,156.38
14-Apr-20,158.45
15-Apr-20,152.90
16-Apr-20,172.31
17-Apr-20,170.63
18-Apr-20,187.45
19-Apr-20,180.13
20-Apr-20,170.40
21-Apr-20,170.79
22-Apr-20,182.72
23-Apr-20,185.46
24-Apr-20,187.58
25-Apr-20,194.01
26-Apr-20,197.35
27-Apr-20,196.14
28-Apr-20,196.55
29-Apr-20,215.40
30-Apr-20,206.22
1-May-20,212.00
2-May-20,213.96
3-May-20,209.83
4-May-20,206.61
5-May-20,205.36
6-May-20,199.04
7-May-20,212.00
8-May-20,211.45
9-May-20,210.22
10-May-20,187.78
11-May-20,185.96
12-May-20,189.84
13-May-20,199.58
14-May-20,203.30
15-May-20,194.85
16-May-20,200.51
17-May-20,207.00
18-May-20,214.87
19-May-20,214.51
20-May-20,209.99
21-May-20,198.75
22-May-20,207.35
23-May-20,206.62
24-May-20,199.97
25-May-20,204.13
26-May-20,201.00
27-May-20,208.18
28-May-20,220.18
29-May-20,220.66
30-May-20,243.63
31-May-20,231.81
1-Jun-20,247.97
2-Jun-20,237.94
3-Jun-20,244.52
4-Jun-20,243.37
5-Jun-20,240.23
6-Jun-20,242.00
7-Jun-20,244.56
8-Jun-20,246.18
9-Jun-20,243.82
10-Jun-20,247.78
11-Jun-20,230.71
12-Jun-20,237.54
13-Jun-20,238.22
14-Jun-20,232.02
15-Jun-20,230.93
16-Jun-20,235.36
17-Jun-20,233.88
18-Jun-20,231.34
19-Jun-20,229.11
20-Jun-20,228.86
21-Jun-20,228.13
22-Jun-20,243.25
23-Jun-20,243.20
24-Jun-20,234.75
25-Jun-20,232.56
26-Jun-20,229.67
27-Jun-20,221.06
28-Jun-20,225.09
29-Jun-20,227.87
30-Jun-20,225.63
1-Jul-20,230.95
2-Jul-20,226.42
3-Jul-20,225.12
4-Jul-20,229.15
5-Jul-20,227.98
6-Jul-20,241.56
7-Jul-20,239.25
8-Jul-20,246.99
9-Jul-20,242.02
10-Jul-20,241.26
11-Jul-20,239.20
12-Jul-20,242.75
13-Jul-20,239.73
14-Jul-20,240.50
15-Jul-20,238.62
16-Jul-20,233.65
17-Jul-20,232.75
18-Jul-20,235.75
19-Jul-20,239.01
20-Jul-20,236.10
21-Jul-20,245.53
22-Jul-20,263.28
23-Jul-20,275.34
24-Jul-20,279.33
25-Jul-20,305.32
26-Jul-20,311.13
27-Jul-20,321.80
28-Jul-20,316.96
29-Jul-20,317.82
30-Jul-20,334.87
31-Jul-20,346.51
1-Aug-20,387.14
2-Aug-20,372.08
3-Aug-20,385.80
4-Aug-20,389.62
5-Aug-20,400.79
6-Aug-20,394.83
7-Aug-20,379.57
8-Aug-20,396.76
9-Aug-20,390.23
10-Aug-20,395.53
11-Aug-20,379.01
12-Aug-20,387.12
13-Aug-20,424.31
14-Aug-20,438.03
15-Aug-20,432.18
16-Aug-20,433.63
17-Aug-20,430.56
18-Aug-20,422.16
19-Aug-20,407.44
20-Aug-20,416.05
21-Aug-20,387.99
22-Aug-20,395.56
23-Aug-20,390.50
24-Aug-20,407.70
25-Aug-20,383.20
26-Aug-20,385.96
27-Aug-20,383.11
28-Aug-20,395.11
29-Aug-20,398.80
30-Aug-20,428.86
31-Aug-20,433.90
1-Sep-20,475.80
2-Sep-20,439.08
3-Sep-20,381.97
4-Sep-20,385.94
5-Sep-20,334.91
6-Sep-20,353.49
7-Sep-20,352.06
8-Sep-20,337.46
9-Sep-20,351.10
10-Sep-20,367.92
11-Sep-20,373.72
12-Sep-20,387.98
13-Sep-20,365.71
14-Sep-20,376.70
15-Sep-20,364.01
16-Sep-20,364.88
17-Sep-20,388.97
18-Sep-20,384.20
19-Sep-20,385.25
20-Sep-20,371.12
21-Sep-20,341.30
22-Sep-20,344.03
23-Sep-20,319.95
24-Sep-20,349.17
25-Sep-20,351.63
26-Sep-20,354.25
27-Sep-20,357.23
28-Sep-20,354.08
29-Sep-20,359.86
30-Sep-20,359.39
1-Oct-20,353.07
2-Oct-20,345.68
3-Oct-20,345.60
4-Oct-20,352.73
5-Oct-20,353.28
6-Oct-20,340.61
7-Oct-20,341.48
8-Oct-20,350.83
9-Oct-20,365.28
10-Oct-20,370.16
11-Oct-20,374.19
12-Oct-20,386.68
13-Oct-20,381.23
14-Oct-20,379.15
15-Oct-20,377.45
16-Oct-20,365.17
17-Oct-20,368.63
18-Oct-20,377.81
19-Oct-20,379.19
20-Oct-20,368.35
21-Oct-20,391.20
22-Oct-20,414.05
23-Oct-20,408.52
24-Oct-20,411.92
25-Oct-20,406.09
26-Oct-20,394.11
27-Oct-20,403.15
28-Oct-20,388.14
29-Oct-20,386.76
30-Oct-20,382.41
31-Oct-20,386.42
1-Nov-20,396.29
2-Nov-20,383.53
3-Nov-20,387.92
4-Nov-20,402.19
5-Nov-20,416.63
6-Nov-20,455.72
7-Nov-20,435.40
8-Nov-20,454.68
9-Nov-20,444.33
10-Nov-20,450.22
11-Nov-20,463.33
12-Nov-20,462.56
13-Nov-20,476.29
14-Nov-20,460.70
15-Nov-20,448.23
16-Nov-20,460.43
17-Nov-20,481.95
18-Nov-20,478.52
19-Nov-20,471.21
20-Nov-20,509.98
21-Nov-20,551.91
22-Nov-20,559.40
23-Nov-20,609.22
24-Nov-20,605.03
25-Nov-20,569.67
26-Nov-20,519.32
27-Nov-20,518.11
28-Nov-20,537.74
29-Nov-20,575.45
30-Nov-20,615.92
1-Dec-20,585.66
2-Dec-20,598.05
3-Dec-20,616.32
4-Dec-20,567.91
5-Dec-20,596.68
6-Dec-20,601.68
7-Dec-20,591.09
8-Dec-20,555.05
9-Dec-20,573.21
10-Dec-20,558.13
11-Dec-20,544.17
12-Dec-20,567.78
13-Dec-20,591.09
14-Dec-20,586.19
15-Dec-20,588.91
16-Dec-20,637.38
17-Dec-20,643.17
18-Dec-20,653.85
19-Dec-20,658.17
20-Dec-20,638.26
21-Dec-20,607.85
22-Dec-20,637.47
23-Dec-20,585.69
24-Dec-20,612.34
25-Dec-20,626.93
26-Dec-20,636.58
27-Dec-20,683.71
28-Dec-20,730.05
29-Dec-20,731.76
30-Dec-20,751.80
31-Dec-20,735.94
1-Jan-21,729.12
2-Jan-21,774.50
3-Jan-21,974.97
4-Jan-21,1042.40
5-Jan-21,1099.52
6-Jan-21,1207.77
7-Jan-21,1224.35
8-Jan-21,1215.73
9-Jan-21,1275.58
10-Jan-21,1256.04
11-Jan-21,1091.47
12-Jan-21,1050.19
13-Jan-21,1128.46
14-Jan-21,1226.17
15-Jan-21,1171.68
16-Jan-21,1228.27
17-Jan-21,1232.64
18-Jan-21,1258.06
19-Jan-21,1372.00
20-Jan-21,1377.53
21-Jan-21,1117.33
22-Jan-21,1234.58
23-Jan-21,1233.40
24-Jan-21,1390.28
25-Jan-21,1317.90
26-Jan-21,1366.27
27-Jan-21,1247.62
28-Jan-21,1328.47
29-Jan-21,1379.30
30-Jan-21,1376.96
31-Jan-21,1312.73
1-Feb-21,1373.40
2-Feb-21,1511.36
3-Feb-21,1664.34
4-Feb-21,1594.00
5-Feb-21,1719.20
6-Feb-21,1676.63
7-Feb-21,1612.99
8-Feb-21,1750.18
9-Feb-21,1770.63
10-Feb-21,1742.09
11-Feb-21,1786.35
12-Feb-21,1841.02
13-Feb-21,1815.49
14-Feb-21,1801.78
15-Feb-21,1778.82
16-Feb-21,1781.69
17-Feb-21,1847.95
18-Feb-21,1934.16
19-Feb-21,1955.59
20-Feb-21,1913.88
21-Feb-21,1933.45
22-Feb-21,1777.28
23-Feb-21,1578.11
24-Feb-21,1623.71
25-Feb-21,1476.15
26-Feb-21,1445.44
27-Feb-21,1458.93
28-Feb-21,1418.76
1-Mar-21,1570.03
2-Mar-21,1488.62
3-Mar-21,1571.05
4-Mar-21,1538.61
5-Mar-21,1530.29
6-Mar-21,1649.19
7-Mar-21,1728.10
8-Mar-21,1831.49
9-Mar-21,1869.10
10-Mar-21,1794.14
11-Mar-21,1825.79
12-Mar-21,1766.90
13-Mar-21,1921.13
14-Mar-21,1849.06
15-Mar-21,1792.38
16-Mar-21,1804.85
17-Mar-21,1823.35
18-Mar-21,1776.08
19-Mar-21,1809.64
20-Mar-21,1804.60
21-Mar-21,1783.72
22-Mar-21,1682.37
23-Mar-21,1667.90
24-Mar-21,1582.38
25-Mar-21,1586.54
26-Mar-21,1698.60
27-Mar-21,1713.01
28-Mar-21,1686.80
29-Mar-21,1816.69
30-Mar-21,1841.01
31-Mar-21,1917.99
1-Apr-21,1967.96
2-Apr-21,2134.55
3-Apr-21,2008.59
4-Apr-21,2075.94
5-Apr-21,2106.41
6-Apr-21,2111.53
7-Apr-21,1961.46
8-Apr-21,2079.92
9-Apr-21,2066.93
10-Apr-21,2133.79
11-Apr-21,2151.42
12-Apr-21,2137.81
13-Apr-21,2299.93
14-Apr-21,2431.56
15-Apr-21,2514.22
16-Apr-21,2423.18
17-Apr-21,2318.33
18-Apr-21,2237.17
19-Apr-21,2160.63
20-Apr-21,2332.14
21-Apr-21,2360.81
22-Apr-21,2401.10
23-Apr-21,2367.31
24-Apr-21,2215.93
25-Apr-21,2316.48
26-Apr-21,2533.12
27-Apr-21,2665.24
28-Apr-21,2746.54
29-Apr-21,2757.36
30-Apr-21,2772.78
1-May-21,2944.66
2-May-21,2950.33
3-May-21,3429.37
4-May-21,3286.71
5-May-21,3522.76
6-May-21,3489.52
7-May-21,3481.22
8-May-21,3905.55
9-May-21,3922.23
10-May-21,3947.90
11-May-21,4167.78
12-May-21,3811.77
13-May-21,3719.62
14-May-21,4075.38
15-May-21,3641.65
16-May-21,3582.12
17-May-21,3279.68
18-May-21,3377.55
19-May-21,2435.69
20-May-21,2777.55
21-May-21,2433.11
22-May-21,2291.60
23-May-21,2101.34
24-May-21,2646.79
25-May-21,2705.09
26-May-21,2884.66
27-May-21,2735.88
28-May-21,2414.29
29-May-21,2276.07
30-May-21,2386.10
31-May-21,2708.47
1-Jun-21,2633.67
2-Jun-21,2706.10
3-Jun-21,2853.35
4-Jun-21,2686.50
5-Jun-21,2628.98
6-Jun-21,2713.66
7-Jun-21,2592.63
8-Jun-21,2510.65
9-Jun-21,2606.23
10-Jun-21,2469.97
11-Jun-21,2351.45
12-Jun-21,2368.47
13-Jun-21,2508.27
14-Jun-21,2581.48
15-Jun-21,2543.83
16-Jun-21,2367.28
17-Jun-21,2371.62
18-Jun-21,2229.53
19-Jun-21,2166.91
20-Jun-21,2243.86
21-Jun-21,1891.18
22-Jun-21,1876.66
23-Jun-21,1968.39
24-Jun-21,1989.14
25-Jun-21,1810.57
26-Jun-21,1830.62
27-Jun-21,1979.88
28-Jun-21,2083.09
29-Jun-21,2158.71
30-Jun-21,2273.84
1-Jul-21,2109.11
2-Jul-21,2154.78
3-Jul-21,2224.70
4-Jul-21,2323.22
5-Jul-21,2196.16
6-Jul-21,2322.72
7-Jul-21,2316.57
8-Jul-21,2120.22
9-Jul-21,2145.89
10-Jul-21,2111.12
11-Jul-21,2139.35
12-Jul-21,2035.09
13-Jul-21,1940.72
14-Jul-21,1994.64
15-Jul-21,1917.21
16-Jul-21,1878.20
17-Jul-21,1897.98
18-Jul-21,1892.42
19-Jul-21,1818.07
20-Jul-21,1786.07
21-Jul-21,1994.49
22-Jul-21,2024.58
23-Jul-21,2123.61
24-Jul-21,2151.85
25-Jul-21,2189.79
26-Jul-21,2229.53
27-Jul-21,2300.22
28-Jul-21,2299.11
29-Jul-21,2380.93
30-Jul-21,2460.95
31-Jul-21,2532.19
1-Aug-21,2556.23
2-Aug-21,2608.04
3-Aug-21,2506.65
4-Aug-21,2725.29
5-Aug-21,2827.21
6-Aug-21,2889.43
7-Aug-21,3158.00
8-Aug-21,3012.07
9-Aug-21,3162.93
10-Aug-21,3140.71
11-Aug-21,3163.66
12-Aug-21,3043.61
13-Aug-21,3322.43
14-Aug-21,3264.69
15-Aug-21,3308.87
16-Aug-21,3147.65
17-Aug-21,3014.58
18-Aug-21,3016.91
19-Aug-21,3184.82
20-Aug-21,3284.21
21-Aug-21,3223.96
22-Aug-21,3238.70
23-Aug-21,3319.49
24-Aug-21,3173.26
25-Aug-21,3228.15
26-Aug-21,3093.54
27-Aug-21,3273.58
28-Aug-21,3243.90
29-Aug-21,3222.16
30-Aug-21,3225.67
31-Aug-21,3430.74
1-Sep-21,3832.73
2-Sep-21,3786.19
3-Sep-21,3936.29
4-Sep-21,3884.97
5-Sep-21,3950.62
6-Sep-21,3927.21
7-Sep-21,3423.12
8-Sep-21,3495.10
9-Sep-21,3423.51
10-Sep-21,3207.27
11-Sep-21,3267.33
12-Sep-21,3408.28
13-Sep-21,3284.52
14-Sep-21,3428.87
15-Sep-21,3611.90
16-Sep-21,3569.43
17-Sep-21,3398.65
18-Sep-21,3435.97
19-Sep-21,3329.12
20-Sep-21,2976.05
21-Sep-21,2761.52
22-Sep-21,3077.78
23-Sep-21,3152.92
24-Sep-21,2928.57
25-Sep-21,2922.55
26-Sep-21,3063.51
27-Sep-21,2926.24
28-Sep-21,2807.28
29-Sep-21,2851.50
30-Sep-21,3000.59
1-Oct-21,3309.13
2-Oct-21,3388.97
3-Oct-21,3417.34
4-Oct-21,3382.90
5-Oct-21,3517.26
6-Oct-21,3575.41
7-Oct-21,3586.00
8-Oct-21,3559.42
9-Oct-21,3574.20
10-Oct-21,3415.03
11-Oct-21,3545.06
12-Oct-21,3489.90
13-Oct-21,3607.28
14-Oct-21,3790.41
15-Oct-21,3866.90
16-Oct-21,3827.55
17-Oct-21,3845.47
18-Oct-21,3747.60
19-Oct-21,3876.78
20-Oct-21,4159.89
21-Oct-21,4054.16
22-Oct-21,3970.94
23-Oct-21,4168.85
24-Oct-21,4082.80
25-Oct-21,4219.92
26-Oct-21,4129.51
27-Oct-21,3921.93
28-Oct-21,4284.90
29-Oct-21,4413.70
30-Oct-21,4320.65
31-Oct-21,4287.56
1-Nov-21,4320.85
2-Nov-21,4586.06
3-Nov-21,4602.21
4-Nov-21,4535.11
5-Nov-21,4475.00
6-Nov-21,4517.36
7-Nov-21,4612.06
8-Nov-21,4808.38
9-Nov-21,4731.83
10-Nov-21,4634.03
11-Nov-21,4720.87
12-Nov-21,4667.31
13-Nov-21,4644.61
14-Nov-21,4625.59
15-Nov-21,4562.98
16-Nov-21,4208.16
17-Nov-21,4290.88
18-Nov-21,4001.87
19-Nov-21,4295.43
20-Nov-21,4408.85
21-Nov-21,4268.08
22-Nov-21,4086.95
23-Nov-21,4340.23
24-Nov-21,4273.54
25-Nov-21,4520.30
26-Nov-21,4034.53
27-Nov-21,4094.80
28-Nov-21,4296.98
29-Nov-21,4443.22
30-Nov-21,4628.90
1-Dec-21,4583.28
2-Dec-21,4512.90
3-Dec-21,4219.30
4-Dec-21,4123.46
5-Dec-21,4194.80
6-Dec-21,4353.31
7-Dec-21,4307.08
8-Dec-21,4435.74
9-Dec-21,4107.69
10-Dec-21,3903.48
11-Dec-21,4075.66
12-Dec-21,4131.78
13-Dec-21,3781.94
14-Dec-21,3861.55
15-Dec-21,4019.24
16-Dec-21,3956.62
17-Dec-21,3878.29
18-Dec-21,3959.83
19-Dec-21,3925.34
20-Dec-21,3938.80
21-Dec-21,4016.59
22-Dec-21,3979.54
23-Dec-21,4110.14
24-Dec-21,4043.39
25-Dec-21,4093.14
26-Dec-21,4061.27
27-Dec-21,4036.24
28-Dec-21,3791.69
29-Dec-21,3627.93
30-Dec-21,3709.57
31-Dec-21,3677.85
1-Jan-22,3765.67
2-Jan-22,3830.67
3-Jan-22,3764.24
4-Jan-22,3789.52
5-Jan-22,3535.86
6-Jan-22,3407.77
7-Jan-22,3195.31
8-Jan-22,3080.02
9-Jan-22,3150.30
10-Jan-22,3085.43
11-Jan-22,3237.89
12-Jan-22,3370.89
13-Jan-22,3238.03
14-Jan-22,3307.90
15-Jan-22,3327.74
16-Jan-22,3346.59
17-Jan-22,3209.35
18-Jan-22,3160.15
19-Jan-22,3083.65
20-Jan-22,3004.72
21-Jan-22,2571.29
22-Jan-22,2412.52
23-Jan-22,2540.81
24-Jan-22,2441.01
25-Jan-22,2458.07
26-Jan-22,2461.41
27-Jan-22,2424.66
28-Jan-22,2545.95
29-Jan-22,2600.02
30-Jan-22,2602.77
31-Jan-22,2686.82
1-Feb-22,2787.16
2-Feb-22,2681.00
3-Feb-22,2692.80
4-Feb-22,2994.99
5-Feb-22,3013.81
6-Feb-22,3056.20
7-Feb-22,3140.18
8-Feb-22,3115.88
9-Feb-22,3243.62
10-Feb-22,3071.83
11-Feb-22,2927.63
12-Feb-22,2917.10
13-Feb-22,2870.25
14-Feb-22,2929.31
15-Feb-22,3182.27
16-Feb-22,3118.90
17-Feb-22,2894.03
18-Feb-22,2779.56
19-Feb-22,2763.81
20-Feb-22,2619.32
21-Feb-22,2569.87
22-Feb-22,2636.13
23-Feb-22,2578.15
24-Feb-22,2596.52
25-Feb-22,2767.53
26-Feb-22,2776.96
27-Feb-22,2616.34
28-Feb-22,2922.50
1-Mar-22,2975.81
2-Mar-22,2947.14
3-Mar-22,2834.91
4-Mar-22,2622.15
5-Mar-22,2665.42
6-Mar-22,2549.40
7-Mar-22,2492.53
8-Mar-22,2577.21
9-Mar-22,2726.94
10-Mar-22,2606.50
11-Mar-22,2556.96
12-Mar-22,2569.80
13-Mar-22,2516.75
14-Mar-22,2589.30
15-Mar-22,2617.43
16-Mar-22,2773.94
17-Mar-22,2812.29
18-Mar-22,2939.76
19-Mar-22,2949.92
20-Mar-22,2861.69
21-Mar-22,2891.63
22-Mar-22,2969.64
23-Mar-22,3036.12
24-Mar-22,3109.25
25-Mar-22,3103.51
26-Mar-22,3146.01
27-Mar-22,3297.04
28-Mar-22,3329.38
29-Mar-22,3401.89
30-Mar-22,3385.64
31-Mar-22,3282.35
1-Apr-22,3456.18
2-Apr-22,3442.34
3-Apr-22,3521.10
4-Apr-22,3520.41
5-Apr-22,3406.78
6-Apr-22,3169.58
7-Apr-22,3228.84
8-Apr-22,3193.93
9-Apr-22,3259.35
10-Apr-22,3201.84
11-Apr-22,2978.29
12-Apr-22,3027.25
13-Apr-22,3116.92
14-Apr-22,3021.93
15-Apr-22,3042.01
16-Apr-22,3058.96
17-Apr-22,2989.05
18-Apr-22,3055.64
19-Apr-22,3102.01
20-Apr-22,3076.38
21-Apr-22,2983.95
22-Apr-22,2963.00
23-Apr-22,2931.90
24-Apr-22,2922.03
25-Apr-22,3006.04
26-Apr-22,2810.42
27-Apr-22,2888.99
28-Apr-22,2937.01
29-Apr-22,2816.66
30-Apr-22,2727.18
1-May-22,2825.80
2-May-22,2856.01
3-May-22,2781.47
4-May-22,2940.70
5-May-22,2747.46
6-May-22,2692.88
7-May-22,2636.03
8-May-22,2519.98
9-May-22,2229.10
10-May-22,2342.30
11-May-22,2080.79
12-May-22,1955.36
13-May-22,2009.53
14-May-22,2056.30
15-May-22,2145.86
16-May-22,2022.93
17-May-22,2091.14
18-May-22,1912.12
19-May-22,2019.34
20-May-22,1959.85
21-May-22,1975.12
22-May-22,2043.19
23-May-22,1972.93
24-May-22,1979.35
25-May-22,1942.91
26-May-22,1793.42
27-May-22,1724.30
28-May-22,1792.68
29-May-22,1813.56
30-May-22,1998.46
31-May-22,1941.79
1-Jun-22,1818.07
2-Jun-22,1834.64
3-Jun-22,1775.29
4-Jun-22,1804.37
5-Jun-22,1806.71
6-Jun-22,1859.99
7-Jun-22,1813.72
8-Jun-22,1793.00
9-Jun-22,1788.06
10-Jun-22,1663.02
11-Jun-22,1531.42
12-Jun-22,1435.46
13-Jun-22,1206.67
14-Jun-22,1210.84
15-Jun-22,1237.92
16-Jun-22,1068.49
17-Jun-22,1086.47
18-Jun-22,995.61
19-Jun-22,1128.39
20-Jun-22,1128.32
21-Jun-22,1125.96
22-Jun-22,1049.02
23-Jun-22,1144.19
24-Jun-22,1225.03
25-Jun-22,1241.76
26-Jun-22,1198.03
27-Jun-22,1190.84
28-Jun-22,1143.97
29-Jun-22,1099.51
30-Jun-22,1069.05
1-Jul-22,1058.94
2-Jul-22,1066.60
3-Jul-22,1074.08
4-Jul-22,1151.19
5-Jul-22,1133.90
6-Jul-22,1186.45
7-Jul-22,1238.15
8-Jul-22,1216.33
9-Jul-22,1216.94
10-Jul-22,1167.35
11-Jul-22,1096.43
12-Jul-22,1038.56
13-Jul-22,1115.83
14-Jul-22,1192.75
15-Jul-22,1231.03
16-Jul-22,1356.08
17-Jul-22,1337.85
18-Jul-22,1584.77
19-Jul-22,1543.50
20-Jul-22,1520.64
21-Jul-22,1575.68
22-Jul-22,1534.85
23-Jul-22,1549.61
24-Jul-22,1598.19
25-Jul-22,1438.52
26-Jul-22,1450.70
27-Jul-22,1636.01
28-Jul-22,1726.01
29-Jul-22,1720.77
30-Jul-22,1695.97
31-Jul-22,1680.00
1-Aug-22,1630.10
2-Aug-22,1631.48
3-Aug-22,1618.08
4-Aug-22,1606.94
5-Aug-22,1737.71
6-Aug-22,1690.27
7-Aug-22,1700.29
8-Aug-22,1778.42
9-Aug-22,1702.80
10-Aug-22,1853.46
11-Aug-22,1880.28
12-Aug-22,1957.63
13-Aug-22,1983.50
14-Aug-22,1935.10
15-Aug-22,1900.25
16-Aug-22,1876.70
17-Aug-22,1834.18
18-Aug-22,1846.51
19-Aug-22,1609.48
20-Aug-22,1575.60
21-Aug-22,1618.25
22-Aug-22,1626.75
23-Aug-22,1664.89
24-Aug-22,1656.64
25-Aug-22,1695.37
26-Aug-22,1508.08
27-Aug-22,1490.83
28-Aug-22,1426.25
29-Aug-22,1552.60
30-Aug-22,1523.34
31-Aug-22,1555.12
1-Sep-22,1585.48
2-Sep-22,1575.34
3-Sep-22,1557.55
4-Sep-22,1578.89
5-Sep-22,1617.07
6-Sep-22,1557.85
7-Sep-22,1629.51
8-Sep-22,1634.85
9-Sep-22,1718.81
10-Sep-22,1774.38
11-Sep-22,1766.93
12-Sep-22,1716.42
13-Sep-22,1574.47
14-Sep-22,1637.92
15-Sep-22,1472.64
16-Sep-22,1434.01
17-Sep-22,1468.79
18-Sep-22,1335.01
19-Sep-22,1376.00
20-Sep-22,1323.33
21-Sep-22,1247.74
22-Sep-22,1326.44
23-Sep-22,1327.96
24-Sep-22,1317.00
25-Sep-22,1294.26
26-Sep-22,1337.06
27-Sep-22,1328.23
28-Sep-22,1337.37
29-Sep-22,1336.08
30-Sep-22,1328.73
1-Oct-22,1311.80
2-Oct-22,1275.74
3-Oct-22,1323.41
4-Oct-22,1361.48
5-Oct-22,1352.07
6-Oct-22,1352.27
7-Oct-22,1330.99
8-Oct-22,1315.05
9-Oct-22,1323.41
10-Oct-22,1290.04
11-Oct-22,1279.97
12-Oct-22,1294.57
13-Oct-22,1287.34
14-Oct-22,1296.74
15-Oct-22,1274.57
16-Oct-22,1305.95
17-Oct-22,1331.12
18-Oct-22,1310.81
19-Oct-22,1285.32
20-Oct-22,1282.87
21-Oct-22,1299.76
22-Oct-22,1313.64
23-Oct-22,1363.92
24-Oct-22,1343.88
25-Oct-22,1459.60
26-Oct-22,1566.16
27-Oct-22,1514.19
28-Oct-22,1554.47
29-Oct-22,1619.69
30-Oct-22,1590.47
31-Oct-22,1572.89
1-Nov-22,1579.64
2-Nov-22,1519.04
3-Nov-22,1531.08
4-Nov-22,1645.01
5-Nov-22,1627.07
6-Nov-22,1570.86
7-Nov-22,1567.57
8-Nov-22,1335.25
9-Nov-22,1100.84
10-Nov-22,1299.15
11-Nov-22,1288.63
12-Nov-22,1256.29
13-Nov-22,1221.47
14-Nov-22,1242.64
15-Nov-22,1253.45
16-Nov-22,1206.16
17-Nov-22,1205.17
18-Nov-22,1207.31
19-Nov-22,1217.65
20-Nov-22,1142.88
21-Nov-22,1107.46
22-Nov-22,1139.74
23-Nov-22,1185.79
24-Nov-22,1203.77
25-Nov-22,1198.12
26-Nov-22,1205.15
27-Nov-22,1193.38
28-Nov-22,1167.73
29-Nov-22,1216.55
30-Nov-22,1294.41
1-Dec-22,1276.05
2-Dec-22,1295.69
3-Dec-22,1240.46
4-Dec-22,1279.74
5-Dec-22,1259.56
6-Dec-22,1271.26
7-Dec-22,1231.04
8-Dec-22,1280.29
9-Dec-22,1262.86
10-Dec-22,1266.62
11-Dec-22,1263.42
12-Dec-22,1275.02
13-Dec-22,1320.76
14-Dec-22,1307.30
15-Dec-22,1266.32
16-Dec-22,1166.70
17-Dec-22,1187.18
18-Dec-22,1182.70
19-Dec-22,1167.80
20-Dec-22,1217.20
21-Dec-22,1213.85
22-Dec-22,1217.57
23-Dec-22,1220.03
24-Dec-22,1220.46
25-Dec-22,1218.69
26-Dec-22,1227.65
27-Dec-22,1211.60
28-Dec-22,1189.98
29-Dec-22,1200.84
30-Dec-22,1199.80
31-Dec-22,1195.67
1-Jan-23,1200.52
2-Jan-23,1213.93
3-Jan-23,1214.57
4-Jan-23,1256.92
5-Jan-23,1250.95
6-Jan-23,1269.14
7-Jan-23,1263.90
8-Jan-23,1288.38
9-Jan-23,1320.51
10-Jan-23,1335.13
11-Jan-23,1389.84
12-Jan-23,1416.08
13-Jan-23,1450.86
14-Jan-23,1550.02
15-Jan-23,1552.69
16-Jan-23,1576.94
17-Jan-23,1564.67
18-Jan-23,1511.31
19-Jan-23,1551.62
20-Jan-23,1659.98
21-Jan-23,1625.53
22-Jan-23,1627.03
23-Jan-23,1626.53
24-Jan-23,1556.15
25-Jan-23,1611.20
26-Jan-23,1602.55
27-Jan-23,1597.60
28-Jan-23,1573.07
29-Jan-23,1645.97
30-Jan-23,1566.50
31-Jan-23,1585.27
1-Feb-23,1642.10
2-Feb-23,1641.71
3-Feb-23,1663.79
4-Feb-23,1666.90
5-Feb-23,1629.44
6-Feb-23,1613.72
7-Feb-23,1671.40
8-Feb-23,1673.95
